{
	"format_version": "1.8.0",
	"unlock": [
		"HEAD",
		"LEFT_ARM",
		"RIGHT_ARM",
		"LEFT_LEG",
		"RIGHT_LEG"
	],
	"animations": {
		"main": {
			"animation_length": 260,
			"bones": {
				"root": {
					"rotation": [0, 0, 0],
					"position": [0, 0, 0],
					"scale": {
						"0.0": [1, 1, 1],
						"1.0": [1, 1, 0.1],
						"258.0": [1, 1, 0.1],
						"259.2917": [1, 1, 1]
					}
				},
				"head": {
					"rotation": {
						"0.0": [0, 0, 0],
						"1.3333": [35, 0, 0],
						"1.9583": [37.68944, 20.25437, 14.97401],
						"2.2917": [43.52279, -33.60134, -27.72579],
						"3.0": [0, 0, 0]
					}
				},
				"left_arm": {
					"rotation": {
						"0.0": [0, 0, 0],
						"1.3333": [-67.5, 0, 0],
						"3.0": [0, 0, 0]
					},
					"position": {
						"0.0": [0, 0, 0],
						"2.9583": [0, 0, 0],
						"3.1667": [0, 2, 0],
						"3.4167": [0, 0, 0]
					}
				},
				"right_arm": {
					"rotation": {
						"0.0": [0, 0, 0],
						"1.3333": [-72.5, 0, 0],
						"3.0": [0, 0, 0]
					},
					"position": {
						"0.0": [0, 0, 0],
						"2.9583": [0, 0, 0],
						"3.1667": [0, 2, 0],
						"3.4167": [0, 0, 0]
					}
				}
			}
		},
		"new": {
			"loop": true
		}
	},
	"geckolib_format_version": 2
}