{
	"format_version": "1.8.0",
	"unlock": [
		"HEAD",
		"LEFT_ARM",
		"RIGHT_ARM",
		"LEFT_LEG",
		"RIGHT_LEG"
	],
	"animations": {
		"main": {
			"animation_length": 5.0417,
			"bones": {
				"head": {
					"rotation": {
						"0.0": [0, 0, 0],
						"0.5": [0, 0, 0],
						"2.625": [0, 0, 0],
						"2.7083": [65, 0, 0],
						"2.8333": [164.17, 0, 0],
						"2.9583": [187.09, 0, 0],
						"3.0833": [55, 0, 0],
						"3.3333": [55, 0, 0],
						"3.75": [0, 0, 0]
					},
					"position": {
						"0.0": [0, 0, 0],
						"0.5": [0, 0, 0],
						"0.75": [0, 1, 0],
						"0.875": [0, 0, 0],
						"1.125": [-3, 4, -8],
						"1.5": [-6, 1, -13],
						"1.875": [-6, 3, -11],
						"2.625": [-2, -21, -8],
						"3.0833": [-6, 249, -441],
						"3.3333": [-6, 249, -441],
						"3.75": [0, 0, 0]
					},
					"scale": {
						"0.0": [1, 1, 1],
						"0.5": [1, 1, 1],
						"3.3333": [1, 1, 1],
						"3.4167": [0, 0.1, 0],
						"3.4583": [0, 0.1, 0],
						"3.5": [0, 0.1, 0],
						"3.5417": [0, 0.1, 0],
						"3.5833": [0, 0.1, 0],
						"3.625": [0, 0.1, 0],
						"3.75": [0.3, 0.4, 0.4],
						"4.7083": [1, 1, 1]
					}
				},
				"right_arm": {
					"rotation": {
						"0.0": [0, 0, 0],
						"0.5": [-167.68406, -2.15393, 9.76758],
						"1.5": [-95.18406, -2.15393, 9.76758],
						"1.875": [-116.88509, -2.15393, 9.76758],
						"2.0833": [0, 0, 0]
					},
					"position": {
						"0.0": [0, 0, 0],
						"0.75": [0, 2, 0],
						"0.875": [0, 0, 0],
						"1.125": [0, 2, 0],
						"2.0833": [0, 0, 0]
					},
					"scale": 1
				},
				"right_leg": {
					"rotation": {
						"0.0": [0, 0, 0],
						"2.2917": [32.5, 0, 0],
						"2.875": [-62.5, 0, 0],
						"3.75": [0, 0, 0]
					},
					"position": [0, 0, 0],
					"scale": 1
				}
			}
		}
	},
	"geckolib_format_version": 2
}