{
	"format_version": "1.8.0",
	"unlock": [
		"HEAD",
		"LEFT_ARM",
		"RIGHT_ARM",
		"LEFT_LEG",
		"RIGHT_LEG"
	],
	"animations": {
		"main": {
			"animation_length": 276,
			"bones": {
				"root": {
					"position": {
						"0.0": [0, 0, 0],
						"0.5417": [0, -11, 0],
						"275.9167": [0, 0, 0]
					}
				},
				"left_arm": {
					"rotation": {
						"0.0": [0, 0, 0],
						"0.5417": [-31.12882, 4.03699, 9.97316],
						"275.9167": [0, 0, 0]
					}
				},
				"right_arm": {
					"rotation": {
						"0.0": [0, 0, 0],
						"0.5417": [-35.13686, -8.64701, -2.52681],
						"275.9167": [0, 0, 0]
					}
				},
				"left_leg": {
					"rotation": {
						"0.0": [0, 0, 0],
						"0.5417": [-90.71071, -21.65243, -6.74822],
						"275.9167": [0, 0, 0]
					}
				},
				"right_leg": {
					"rotation": {
						"0.0": [0, 0, 0],
						"0.5417": [-84.50193, 30.82594, 10.8448],
						"275.9167": [0, 0, 0]
					}
				}
			}
		}
	}
}