{
	"format_version": "1.8.0",
	"unlock": [
		"HEAD",
		"LEFT_ARM",
		"RIGHT_ARM",
		"LEFT_LEG",
		"RIGHT_LEG"
	],
	"animations": {
		"main": {
			"animation_length": 5,
			"bones": {
				"right_arm": {
					"rotation": {
						"0.0": [2.5, 0, 0],
						"0.3333": [-1.46683, -1.45511, 134.98046],
						"0.4167": [-0.00795, -2.06602, 89.96197],
						"0.5": [-1.5289, -1.38975, 137.48037],
						"0.5833": [0.08221, -2.0644, 87.46035],
						"0.6667": [-1.58805, -1.32175, 139.98015],
						"0.75": [-1.04023, -1.78515, 119.97803],
						"0.8333": [-1.46683, -1.45511, 134.98046],
						"0.9167": [-0.00795, -2.06602, 89.96197],
						"1.0": [-1.5289, -1.38975, 137.48037],
						"1.0833": [0.08221, -2.0644, 87.46035],
						"1.1667": [-1.58805, -1.32175, 139.98015],
						"1.25": [-1.04023, -1.78515, 119.97803],
						"1.7083": [-2.92923, -0.22597, -0.03667]
					}
				}
			}
		}
	},
	"geckolib_format_version": 2
}