{
	"format_version": "1.8.0",
	"unlock": [
		"HEAD",
		"LEFT_ARM",
		"RIGHT_ARM",
		"LEFT_LEG",
		"RIGHT_LEG"
	],
	"animations": {
		"main": {
			"animation_length": 107.9167,
			"bones": {
				"root": {
					"rotation": {
						"0.0": [0, 0, 0],
						"1.0417": [0, 0, 0],
						"106.5417": [0, 0, 0],
						"107.9167": [0, 0, 0]
					},
					"position": {
						"0.0": [0, 0, 0],
						"1.0417": [0, 0, 0],
						"106.5417": [0, 0, 0],
						"107.9167": [0, 0, 0]
					},
					"scale": {
						"0.0": [1, 1, 1],
						"1.0": [2.7, 1, 1],
						"106.5": [2.7, 1, 1],
						"107.875": [1, 1, 1]
					}
				},
				"head": {
					"rotation": {
						"0.0": [0, 0, 0],
						"1.0417": [0, 0, 0],
						"2.0": [20, 0, 0],
						"2.5": [21.50238, 21.07593, 8.0634],
						"3.0": [22.30998, -25.71543, -10.09541],
						"3.5": [0, 0, 0],
						"106.5417": [0, 0, 0],
						"107.9167": [0, 0, 0]
					},
					"position": {
						"0.0": [0, 0, 0],
						"1.0417": [0, 0, 0],
						"106.5417": [0, 0, 0],
						"107.9167": [0, 0, 0]
					},
					"scale": {
						"0.0": [1, 1, 1],
						"1.0417": [1, 1, 1],
						"106.5417": [1, 1, 1],
						"107.9167": [1, 1, 1]
					}
				},
				"left_arm": {
					"rotation": {
						"0.0": [0, 0, 0],
						"1.0417": [0, 0, 0],
						"2.0": [-90, 20, 0],
						"3.5": [0, 0, 0],
						"106.5417": [0, 0, 0],
						"107.9167": [0, 0, 0]
					},
					"position": {
						"0.0": [0, 0, 0],
						"1.0417": [0, 0, 0],
						"3.4583": [0, 0, 0],
						"4.0": [0, 3, 0],
						"4.3333": [0, 0, 0],
						"106.5417": [0, 0, 0],
						"107.9167": [0, 0, 0]
					},
					"scale": {
						"0.0": [1, 1, 1],
						"1.0417": [1, 1, 1],
						"106.5417": [1, 1, 1],
						"107.9167": [1, 1, 1]
					}
				},
				"right_arm": {
					"rotation": {
						"0.0": [0, 0, 0],
						"1.0417": [0, 0, 0],
						"2.0": [-90, -12.5, 0],
						"3.5": [0, 0, 0],
						"106.5417": [0, 0, 0],
						"107.9167": [0, 0, 0]
					},
					"position": {
						"0.0": [0, 0, 0],
						"1.0417": [0, 0, 0],
						"3.4583": [0, 0, 0],
						"4.0": [0, 3, 0],
						"4.3333": [0, 0, 0],
						"106.5417": [0, 0, 0],
						"107.9167": [0, 0, 0]
					},
					"scale": {
						"0.0": [1, 1, 1],
						"1.0417": [1, 1, 1],
						"106.5417": [1, 1, 1],
						"107.9167": [1, 1, 1]
					}
				}
			}
		}
	},
	"geckolib_format_version": 2
}